{"cameraMode":{"drawMode":0,"name":"Shaded","section":"Shading Mode"},"sceneLighting":true,"audioPlay":false,"sceneViewState":{"m_AlwaysRefresh":false,"showFog":true,"showSkybox":true,"showFlares":true,"showImageEffects":true,"showParticleSystems":true,"showVisualEffectGraphs":true,"m_FxEnabled":true},"in2DMode":false,"pivot":{"x":-14.025125503540039,"y":6.560861587524414,"z":-5.844317436218262},"rotation":{"x":-0.09548778831958771,"y":0.039988115429878238,"z":-0.0038418241310864689,"w":-0.9946346282958984},"size":18.52322769165039,"orthographic":false}