{"cameraMode":{"drawMode":0,"name":"Shaded","section":"Shading Mode"},"sceneLighting":true,"audioPlay":false,"sceneViewState":{"m_AlwaysRefresh":false,"showFog":true,"showSkybox":false,"showFlares":true,"showImageEffects":true,"showParticleSystems":true,"showVisualEffectGraphs":true,"m_FxEnabled":true},"in2DMode":false,"pivot":{"x":-1.3638403415679932,"y":1.1811082363128663,"z":-5.97471809387207},"rotation":{"x":0.005246656946837902,"y":-0.9943773746490479,"z":0.05974406749010086,"w":0.08733803033828736},"size":0.814275860786438,"orthographic":false}