{"cameraMode":{"drawMode":0,"name":"Shaded","section":"Shading Mode"},"sceneLighting":false,"audioPlay":false,"sceneViewState":{"m_AlwaysRefresh":false,"showFog":true,"showSkybox":false,"showFlares":true,"showImageEffects":true,"showParticleSystems":true,"showVisualEffectGraphs":true,"m_FxEnabled":true},"in2DMode":false,"pivot":{"x":0.7213904857635498,"y":6.2075114250183109,"z":-1.2637425661087037},"rotation":{"x":-0.2583325505256653,"y":-0.010450468398630619,"z":0.002796138869598508,"w":-0.9660035967826843},"size":0.3790844976902008,"orthographic":false}