{"cameraMode":{"drawMode":0,"name":"Shaded","section":"Shading Mode"},"sceneLighting":false,"audioPlay":false,"sceneViewState":{"m_AlwaysRefresh":false,"showFog":true,"showSkybox":false,"showFlares":true,"showImageEffects":true,"showParticleSystems":true,"showVisualEffectGraphs":true,"m_FxEnabled":true},"in2DMode":false,"pivot":{"x":1.1161754131317139,"y":0.36299997568130495,"z":2.9732837677001955},"rotation":{"x":-0.0014870601007714868,"y":0.9918155074119568,"z":-0.12715575098991395,"w":-0.011603806167840958},"size":1.1701401472091675,"orthographic":false}